{
  "best_model": "LightGBM",
  "results": {
    "Random Forest": {
      "accuracy": 0.9949333333333333,
      "precision": 0.8943661971830986,
      "recall": 0.9694656488549618,
      "f1": 0.9304029304029304,
      "auc_roc": 0.9993540242443929,
      "avg_precision": 0.980368097573751
    },
    "XGBoost": {
      "accuracy": 0.9957333333333334,
      "precision": 0.9049295774647887,
      "recall": 0.9809160305343512,
      "f1": 0.9413919413919414,
      "auc_roc": 0.9996925682730458,
      "avg_precision": 0.9928809471784231
    },
    "LightGBM": {
      "accuracy": 0.9978666666666667,
      "precision": 0.9659090909090909,
      "recall": 0.9732824427480916,
      "f1": 0.9695817490494296,
      "auc_roc": 0.9998808240646798,
      "avg_precision": 0.997048557706676
    },
    "CatBoost": {
      "accuracy": 0.9964,
      "precision": 0.924187725631769,
      "recall": 0.9770992366412213,
      "f1": 0.9499072356215214,
      "auc_roc": 0.9997537382221482,
      "avg_precision": 0.9937826482256362
    }
  },
  "training_date": "2026-01-04T19:14:04.408537",
  "dataset_size": 50000,
  "fraud_rate": 3.5000000000000004
}